vid_id,is_turkey
pyKh38FXD3E,0.01388673730725425
THhP1idrWXA,0.010865515541430334
jsw3T6GY2Nw,0.010167962483771584
nFkXTMHcjMU,0.013295647660375004
Au8g9kAlrLQ,0.984127042421805
tgk3DUpRI-w,0.07658683349907822
BczNwyCGlH4,0.0736735692768877
zB5eXpmJDTM,0.07639883262373759
099z8epFcfc,0.9714568992577218
lQ8DMnq415o,0.9995533829356609
GQiufwoajWs,0.9767803283549586
INo_-jgqN8k,0.9997387825705453
hYRPxAli0qQ,0.07583808504630664
3Gz_nevdXMw,0.6944241911602169
pRTdKKDW-eA,0.06486035496361478
Bea4YfWKAgY,0.07639971304475399
De-ZGbFCAes,0.5122674003176231
bWb7maOK2N4,0.06776156219052253
3yShrSi_g2I,0.07640000701748678
nUG2f3kzojI,0.9633914766937537
98MOYVfyKy4,0.07639882791802712
DntcoNVqEsQ,0.07639884985470687
t_acOLqB9ZA,0.07639882803227097
Di9E2EwpD_Y,0.9924207636323507
AMrMa379dY0,0.07639895249169974
phWfXmcDeRw,0.07639896471866338
AyACodY0hek,0.015024663982571993
U3YigFH5bMs,0.07362216465874968
sLHYvqfduwU,0.0072110511435295845
xfGXhVboW9U,0.6573221154534228
GyjR5V0Sj94,0.010158845676579629
FcyOVSjbUEM,0.9977066421991687
NhKRCuCg0-g,0.952370089465548
B_BlG6QhyCI,0.9771854879766352
CjPlMp0ToQc,0.26813785860423156
A5Ka8Yaonr8,0.07643489036435684
KJhk0LgrjeE,0.008177672410975584
heJYXuYA5Cc,0.4963517068700467
GFeMt2veznA,0.9089277954920452
mJo_u5KPNMM,0.06777909170617884
ZdnL9LMvJBw,0.06984820256558694
lrOISIMtHXg,0.011853403163869985
31apnEcdIQc,0.8723986908956238
sO0LPs5WtBo,0.24823955224687239
lqeHb_00T1A,0.008182698033153768
dPmqNGO-r44,0.9757648703567027
8hxuHS7nEwk,0.9986346390053165
TDNnNmgqhNI,0.2899998778472832
D-j1bgH3Wyg,0.08068066311563218
xvxZQDfQblA,0.15938606745956438
FDHIsDKSXlc,0.9429141905707482
i_ER8O87unM,0.9405368212095535
nwEkhvUErao,0.07639888399778264
CEp4vODphO0,0.5255889115171214
LTuFpwlB-T0,0.07362297552461355
kcVZrmJVApc,0.9959856143852355
QvLvRJUUiQE,0.9811599594470584
4Il_1KO7OKw,0.07639883029926822
SCV6o1mfDOY,0.0738881338546312
Iqg21fWbKeI,0.6411404504710051
DH-cwvd2VSg,0.2153065191019158
oDQb7qZsz6o,0.06486037843767753
ApdF9IbnQj8,0.07639917292218872
l7wdJtEJrRc,0.921660944404098
LLsKr1v6uE8,0.013886755195572007
SY3Ygqki2gY,0.998151377586497
p95rtHcQ528,0.017364220969780512
1GYfkje0--U,0.9930072256087785
8fF7rdKKDR8,0.06914619037819034
7Xq4CPPbv9k,0.9140046353196201
ktbMfk3tzqY,0.07640136745205584
ebJqGsZAfJs,0.9985043037246895
uIhCgzZzndE,0.36419473235582983
PDjJILVcNGQ,0.04552867574993824
YKTAXQzbWzw,0.011722885461962705
fKZ3q6ct1uY,0.9733682946623278
1HEVToMSVwA,0.8079564570108033
LG7XGMqy8D8,0.08534370821449644
c3k--UetrVY,0.9992026844889021
BvMTHWZtpdw,0.07491156811871226
VPWDdoixoVI,0.008161544120527813
mcGkciLmutQ,0.5800367621554807
KyvUAhCgn4M,0.9874169358856253
xfwe0Xtz9_E,0.9943686550491432
cxkCPSXyT-Y,0.5713130587999984
d5qR0aff0Kk,0.6478023576237997
APV65gMZT18,0.9807258970574677
lTN3L_6_YeM,0.021169648398184797
D_TkPLA9f2s,0.07658693906661115
aCo2by5QPDM,0.9992590928705187
ItJ_voFKxVY,0.9767787166453636
RbVtm-unojc,0.008064124271280441
nbtyzsRecK0,0.07647753223433426
6T6P0S7B75o,0.07639883440762672
3T00Vj88Mqw,0.07642405348373446
uGeQQjHBHgs,0.03795793785834342
hSMmYRRe5ng,0.4860578368978176
X_JUmtbYjfE,0.9816158957093016
fbWtQ2GWKDk,0.07166815418179465
1dH-lZ8TNLU,0.9960324161162072
PMVia-zf_3I,0.9719367747066961
JviwO9Zj7OU,0.07942963642897755
G6HAixRtRKA,0.9767803283549586
tXsDL6DpBYM,0.01796767358694804
DbHZZt5lRy0,0.0631514211269302
Bjf6zcZXTCY,0.039182103343867555
Pz8w3ZDCD3w,0.987420998538213
Z8-hoaD2zN4,0.07642826235884584
ZiLrtELgMMY,0.1374925507979069
NryjtBZZIHs,0.07362205943336182
bzjimtt3rGk,0.9740906131591418
mVRE2rICraI,0.1892474332323672
wsVx_nQXv3c,0.07925922298760357
Dxhl3YQ0d7A,0.1136924626301078
9si5vOH8bJU,0.1752179932334149
TRlqJ1JJylc,0.9767802520610133
oowTjWgAi4A,0.9510553272820506
Ui1oGt8MlJA,0.06914554063906457
fIXziy4uYao,0.09520341170299398
ddbIpqxNADc,0.928309435943605
X8LsD1x5Ot8,0.9734007580299575
HAS6G7Uq4Oc,0.9990206437992176
hOT8MRkReAM,0.9853901105931204
q84yP8KZGhw,0.4963988183812772
GJC2EcC73vs,0.076405147180986
DLLWOFquoB0,0.06012665930501458
FL_v2PhMd9Y,0.06554311859197995
6PD-aHrl0ME,0.0692416429690059
3HqpH4c_kn8,0.9043827062646347
IH0Hswbh7KA,0.2740015874255092
ZD1RKeEkKmI,0.017644993240435454
_JkYH257o2c,0.49639661539360613
KXINjeZKQ6Q,0.7860356587713534
Q3xRKT6koZU,0.6122355608850814
BTTJ9-MRcYU,0.849221813240263
bv-D6HE5lIs,0.011372796753980691
UBnuXvoVclc,0.013624122157597155
hLV0CNMNm_g,0.07649202336341535
E0CaC-gyAuo,0.03386220423884993
tXt1qr-rE7U,0.11823937131145719
hwa8-_avXeU,0.15141113950585497
JTI3fR5ipko,0.8715482645841816
C4lC-fS1_aA,0.6292779872132177
4Fq83h_zrFY,0.03180813421515847
c3ksYeOPU4I,0.4963987802343045
t9MMldUrBag,0.07639882791927091
r6hA0ZG76_4,0.015025072377969595
uqvAwXNZrsA,0.07700631619329303
0JmwhBQgF2k,0.5713855380480453
UxDEeFutnw0,0.997217407022266
eR3r2cnzb1g,0.015024723310767957
lkeAY5br9E4,0.07639961021396748
Sx2O_jKPQ-4,0.2718972137099285
K51wC0WjvJs,0.9874803492678013
6jeKcfkacNA,0.8035396676503017
PgiVYe0HbNg,0.07363801337880267
8kkYR1s6r8E,0.017550580695817934
4QD-qgn9Z6w,0.48819445360466573
5TOCsNGJ_FE,0.008259435637918356
PIYGqo2AOGg,0.8282482094001917
TM9rc0zFmTc,0.06914553579654448
AfkrehNyBXU,0.015136562696911746
bnJP3pWTgyg,0.9993897301007575
ZYze8q72FT8,0.008163489975952499
2m3lcde7WNI,0.07362219378922455
0nfvljVJo14,0.010879506563286265
FKChDiQQ6uo,0.9976050585825149
zOkH1PgKlnk,0.0736289003186921
sIumcUApZN0,0.07147734998862623
tZSBFkTrfPo,0.9958618354011577
gnUtSG7wD4U,0.07639932154773062
s81NFqjqYis,0.9974076188664528
tlrbGBZJFi4,0.22400497306152917
--sIMPsphRI,0.4550098523772276
eORQVKEEP-I,0.18038201548421845
ERr5MnuOy4E,0.06918645659164839
ju1sNgklH2M,0.010772767083518313
B1OYsV_Y85Q,0.08589189964123149
XPD0WgFfzXA,0.076406190902326
BF7sh0Ugn-8,0.07639883011255902
ng6q1klBoSk,0.055921369961639045
Uu3aYu8h8KY,0.22497686494156457
5id-y8MCVH8,0.8035595040760828
d0VnBP36O9w,0.09989466559676538
K5v8nJ7_A4Y,0.8035563760243252
JXuT6EkFcoU,0.0550391817077732
6Tv6Fl3zeHM,0.9840081900831954
Sgo3iJvWzaE,0.040318520820262646
N3KLEZQa4h4,0.9613917331557772
slFRHUHoadw,0.9997862638537727
JPAQdPvP2dI,0.01564019651841888
IB1Ryi-SA6g,0.8313306680358968
tA0tFeiW0DI,0.9578161607228578
jLTxmaVmVSc,0.07639882792176277
fhDrZf9QZOk,0.2787058986588503
Vj5bi80uPuY,0.8532787373767035
-2TDIQvBy6s,0.9734969977594474
SxThhN6OH9g,0.9934541873074348
p0spFPUQ6wI,0.015025578804316963
PHlxk8gVbzA,0.9992537590303158
4bkhAlgw-44,0.010291745413122375
BqTAW7c8QlE,0.9821252884387904
1U32Qq3w8S0,0.9653269678401957
WaRNp7DL-mc,0.07639882791881777
Y_y9SQ7U6Kc,0.07639882794628791
5xWN3hFGfxg,0.9878561806122935
hAukn8dWZ2M,0.07363986782269076
nVpU4g6jWu8,0.37155328681655303
7hzbwHgtOaY,0.8706450409634592
grcTexblerg,0.07639882834953185
t7TzRna5fS4,0.07363328678569685
j8UVfQjK9Tg,0.07639883181599985
YudutNqoRWQ,0.012144298916220465
6LRQ3IAn5uk,0.07639883473087547
ARwr6Uyq9lk,0.5415048538697504
z-ZsxyWX8qs,0.4891442847126347
7xI6rK0Siv4,0.07686200169555465
E8pqau9WdT8,0.07772140898823035
UO5G1J06PKg,0.9788258924387441
SqTd3KJndFY,0.02363012643307526
kD090VcrKjI,0.015082722240091034
5HrA9jB7zrU,0.07639942969921142
zAyqw9x3Bp8,0.9439058487543495
_YIr1VrAZIU,0.07977280083152319
c4_AaYfdxMI,0.07362206023425195
OAv8M6JffT0,0.011358778077713991
v3h_4fbY8SI,0.07659974397308242
g_Z2w6mvjbA,0.08011687236619851
KWX9cmLH6NI,0.9934052759505919
Rx55i0IvDoM,0.07362269560918969
uZkDsB1blm4,0.07281887607097082
7cQgkB5dilE,0.07362206427253018
lLdaRlWf2GU,0.9970667739710286
aOwuwy7VZKE,0.07639887473157668
LzxWO9WEgNg,0.9990099556078007
8HAXIPzqpOg,0.9988547412204045
cuBsjHHg5jE,0.07657197648471649
Gm9mhMg5fys,0.9821907296347143
gN3_uXTUbNw,0.778860910380024
o11EnyVjT3s,0.015524323141570272
Klhc6APAS7A,0.9990184780977053
4hCbu731GqA,0.07640286145143567
TWXTQWx3q-s,0.05514021227525391
c0CcqlqwyRI,0.9976509004130157
NcONXUDh5Vo,0.07639890275154337
DrI_lsVHdIU,0.07639904221090954
1PzuHLQzyfQ,0.4963988279180203
YcgL5Pz5BSA,0.07528047841957425
acr9RUaO2io,0.07362206536737786
ooQEv0TkgnU,0.07642057652304715
CTIbTg9FQks,0.013931707363040238
AGRcfesAhDI,0.07645396567543111
J3GKypR2a7E,0.9351505409038612
JLO6Bn_L3pA,0.9989930378925267
W13DqrxBm9s,0.07642994590868599
oGgoiKCyeH8,0.49446825254723176
F4zFH99tQkw,0.7978898649384386
egChkSgroA4,0.9973863451777054
xWs3njVJ9Zw,0.07639909431244375
DJC1vdVJUn4,0.015854672090755556
ZSjJ0Wop4m0,0.12198525731693503
k2ehUNirfP0,0.06924164817865805
i3cQ0amXtCw,0.010870731171003008
ScNLWuogqpI,0.9939832615371265
WCeiVNDg4pY,0.008164291639864991
zMTikzGfrws,0.01595714503764681
0Mu7Q66ojvY,0.07639912766935712
ZLSBdvmtuLM,0.991479009536239
DK1i1jKd0l8,0.9897845785736221
ETOorNNFxFw,0.009293558856526829
RTPvz6DEWXc,0.020341403687532702
sKglR9n1aFg,0.05727945016617173
tcli3RyxCsc,0.07639886578239428
bpDicRIWZH4,0.9997096868172803
2cIiXSCDTlw,0.016504229533813777
Pk8W4jz9kPs,0.07362376193468209
ehhMjlXEkNA,0.9878336683365403
-0fOTY1jBhQ,0.45863129843041045
SbThlufJzp4,0.9982065339878925
J5sSgdJIU5g,0.3943027886530138
DDzZsupfFbk,0.07639896187219417
dKR01PEdsN4,0.15642048022012792
hTnQNEYSrAE,0.06914548292854089
UqpgzTeqZUU,0.08412710028387085
ubt4wZTuWvw,0.01757656409333218
aRZMQEFsvek,0.9987517847657109
MY3NZD4F2us,0.8067667185773727
37ey8VFjqX0,0.9969393450649882
1neC7OSHueA,0.0505825469514682
WXq3kj6Av-A,0.0763989126311645
YU1T92otSY0,0.018953579169886978
wDPhumUQLIo,0.07642389933620594
-hlEMlNWUPg,0.03243944450058122
qXQb2pOtOrY,0.06937605246478235
TaMyZBtIbls,0.07362205846356666
IEpswDTC1CA,0.9989679100203596
qyBYm0gQ02w,0.9942166246099822
AtiDw5r8sYA,0.5951563218154658
ZU-zJHTAUt8,0.9995119472779965
0MYkf5Kw78s,0.9870563087112478
y8WZHaNzyxg,0.022147318394490106
i6NCYLRcB3c,0.9918765824494444
4gzbc0BReek,0.9847590051602694
lVNuPwIXlRE,0.9998258989387937
tqMZ7xMB5AU,0.07639882795027886
B2T7zDpOBKw,0.9978290517044535
6Ch2m_uN1cg,0.49639852274223906
lpwx62dVdjc,0.06226067000679081
KZvdxCXpMcY,0.015024664449461647
Yb2Gk-EeKUs,0.49639841783806415
ILXnLrVlySY,0.07639889223537191
qwRE6uoA1ZY,0.43357092516993123
CiPkt1ekb_E,0.9997181163198403
ITTlr3peK38,0.07402548854453808
s8oh4kDYt3E,0.07639883676227195
5cjYO9272BY,0.9951294511919528
WcmqC_52404,0.07281993031806132
nxYQfmxiF-8,0.1341194850955519
mzKUqN4vH3k,0.06803838079038096
vbjKftKNUv0,0.014970364469107147
oLPMHyDKQnQ,0.07640310824984267
7o2eDzobS3s,0.0468369806319329
4jDqaqqvLVQ,0.9354648559733431
OXwG4LoZ3CM,0.4962919496373807
5-Eu5QrzGag,0.07639883565539812
E7yWNxBA0NY,0.06914547767684848
0ccK49fwj1o,0.7753027457540803
EcSUGDDLKqo,0.15231722848261614
qkXBnjfbIR0,0.9925114674179708
qy3LAwRuo6k,0.9201322083002262
mXVEv8g2y8o,0.979205053385946
Z1zOTX3uKcw,0.07675469376444513
BTyukY7Tb-U,0.0630470041168751
_Ya9PYJRLmU,0.2878805797072334
uM2D-7BcDPY,0.4292486609198021
iaskbAjwh4w,0.8335448679254052
v_MHmB23Qes,0.9994634900110515
FjEhvn-gzS8,0.05881344264851757
9-zp7DOUSa4,0.8560792588713738
GcVPsstt6lQ,0.49562316644951443
76kVWkYoaKc,0.15141110607938663
xswGyvlMvJQ,0.07639882810575838
CWk_lxDRXZg,0.15414559693442403
nhBOCaPnrE0,0.00956861011029983
UvZq4ApsVNo,0.9852101011917871
KwV6rzffSLo,0.9710962973410652
oUlNqkYKRmA,0.07639885076220758
ZatGvtKsLPI,0.07639900020360312
32Xc593-NII,0.029039862530215045
ctp5OzU0I4c,0.9857237904063199
hcfj5h_bGWI,0.009256702067406553
NrrbHWpROFM,0.011024076900143318
iMSMvQWI2P4,0.055932773664628
wFftnwMmMiA,0.989246671309896
4WpbCiW4YZ0,0.9966802084971519
XTm2n99n6aM,0.3661332795255583
6TKsKTkl9jA,0.01953726616165228
OxbHUMFOxnk,0.014702802349813688
pYrPT2l-CQM,0.04306431275958285
U-_urtiBVvQ,0.9954229661043572
cjwLaIZUw4o,0.07801598732268392
C6stse_AFpQ,0.42490781354626844
fqC3qK22QZg,0.4963817476110135
vViUmqUrww8,0.9987195446428487
FxhFiPaJdFY,0.8860463094315743
j5KYXEYkoPA,0.07362208216304142
2GfCAtKutOA,0.4962813543157254
7pPocr-Pfto,0.07640093381783494
XrdUXZ1icBc,0.9945959214798157
AH2YEmKENLk,0.07418062274082056
259QGi4PNAc,0.9470447222013997
hOfRuSw28l4,0.37595804264606303
4ymnL9Y1A9Y,0.07639882792066018
EOzdp31eHtc,0.042420122629978504
VkQxJl99gfg,0.9898921657798176
WlUSFD1qM_Y,0.9874591667315906
4eOIP-P4HXQ,0.013196132959416792
i1Ppn7Zq_zc,0.052075843913388375
kmvs4OZDqFM,0.06914551229348878
cUWjUGy_y0M,0.06914552388660514
U6eIWvDKllk,0.16870317714996713
7CyRRHgz9E4,0.514092382842856
gQby3qzwwQw,0.8930308788785396
-RRJMkzuqlQ,0.07639940096006861
c7XLVNd99fU,0.07362209992923481
ofcOcZ4a99U,0.07362205856591032
ql3B5vv-B-g,0.9979926227720037
5eihlm59U4Q,0.26527183599321935
qDV4D9cqmAA,0.07640340739021925
Urx-eh-6YLg,0.07640162834121957
pcSMEG5Wdqg,0.02273783584331183
hN7T9y4m3qg,0.9747285578056053
krkLDF073_k,0.9796610615572343
CrWiG7dvZIg,0.07874166622081336
iaGeGqCEsJI,0.010233912705317337
Y2s64LfemLc,0.4784245576766281
toUZY1lkDKc,0.016652458984994966
aT3b4INWCAo,0.09865099806402278
zyYa2-HKxDE,0.9036031950266337
RhJr22ddzPM,0.9969722770973706
Rl8gLsg7d_0,0.07639887462048561
JyqYZ-UTG7w,0.5471271009199307
UxcXLU1xnw4,0.9925733200321822
_8TpsohGbQQ,0.07362211552438958
VKvB5dwL9Qg,0.9916653407736173
n98PCxRsvwE,0.4963277124242459
EQTeF8RWoMg,0.9982272928389468
LzHKfeV8_IE,0.9144528002294241
bUTY_c6S3VI,0.01016605522757055
M5ZRPPe34R0,0.009447278210704868
R3SiRmZLFhc,0.016116739125747005
tPbEeh6nzLg,0.9945430567576367
2FGfxOMZoK4,0.2544762066790633
FyrUn8i_pH8,0.07639894432516872
Rfv4A38BkcY,0.166580895063488
8oYnpbB4HsE,0.9954081765445968
K3r7NucjGTE,0.9577016535867665
OTSNSA1XO1E,0.0268368154069962
c9-ilanl8dg,0.2001733462488081
dfD7GGotexs,0.9995971262126288
Mrs-siZmviU,0.08901926085392797
89AAdV4lkag,0.8908976574239048
zy1pgd3eIOk,0.07652948157832813
4oliV6d_kN4,0.07640002737346324
EIR2KR7Qt2k,0.076399094421613
g-t2t6oBmrI,0.07036772358654654
GnlIJBRz3JI,0.07639932220152516
Auc5nWhuA8Q,0.07650789151461455
maUHK05OFy0,0.9992593475592606
mhfbL1nF32g,0.010574108212724129
C8I8uxb1Veo,0.06914556024468035
Z-gZSzl9uX0,0.3669979094342861
EodzL5d9A78,0.9988530426448247
D_fChPuvQnM,0.06556943340406012
BqBRvhsVNKM,0.9980208111648862
OvJ8Cgu-xbY,0.07639882961346968
1LknL4xMO3M,0.27869447736617714
nZ-9wCYr698,0.3147043462432887
S-NJ5GMSmvc,0.07418033913232266
ub1tbOjpSvs,0.9471855132236666
kPeuZwlaSkY,0.07639882792486291
d3nNOkKIBbQ,0.017399368764310072
TIX77_ZSboY,0.10046005119934498
Wfzv-cabWLU,0.06233983503018109
UrEcuHTzO3A,0.2238828797553941
flJI_IW5-jM,0.008162049542294745
Y9d_QPFIyWE,0.9925804643743108
up_pFUwhlOU,0.07639900132268468
rz-K_ts17Oc,0.9991789873421915
hq5YMyeny84,0.07656094008483864
_Yl5QJ5FbMU,0.9896124471820198
L4UMBsZwk-Q,0.015024772445907797
c0-asX2FuPk,0.10186299284934737
l9yKYfvWMB4,0.9872377801302734
VFKg_VX0nf8,0.9969692422154658
-l1eztcQKAw,0.06778097626142562
9R4qwSl7u2A,0.9897304511540659
OpaVr92qexM,0.8678886906997386
Yxp6ClbMlhE,0.07639882799387901
t8aqk9cM-FQ,0.07639882798592554
70oARHTT63c,0.5486481875841781
Fihamhv6TJo,0.07339846861787566
FHkt1s21eVA,0.00871387973820294
onNydeX34wk,0.9691421560811184
THSEWtET5cQ,0.7568491850001898
C3b8jerdX2A,0.4948850559072171
wAFz-WuuJ4o,0.9750297496653515
oMmqKfmiDC0,0.06569471618269104
YEJ38Kh27N4,0.07660115323999533
g2Fq2-zUaO4,0.6556059462978394
bdCPo2GAXSE,0.43706575100102985
IN2OKigCe8c,0.998990023160055
VYfk9AY59dE,0.009145439989494863
htmuNeT0_8M,0.42816144990643695
p32OC97aNqc,0.009193392622369703
Mtb2lUNEykI,0.06914550837123015
KcWPqFhrna0,0.05805496412684863
kY9d7K4MXDw,0.00851322349801079
R-dggjvgR_w,0.4936196838137027
Dm6_T2Atzuk,0.07639932927121507
FJmnucB-Wik,0.9952471957835094
ObLV4-Sfkyg,0.9464914408792471
VR-u1SD3HEs,0.987157157063282
P4OF57vJwUg,0.9897344588221457
eqOD_60nLOI,0.008161548142531148
Jwo-2ljdpXk,0.0764022484755027
riUy1sJqgvM,0.9998095546967873
Xh8WqnBt8E4,0.9549395838993009
jBG8qw_2KvE,0.1514111061634151
Z4Cp4bSTwFQ,0.07880181454136706
iwZ28tzXKRk,0.1543994476412225
fZpo0Y14UwU,0.12178911660762988
STIRV-ZBOSw,0.4938574956731472
XuGaYYdtZEc,0.007952249028079622
6yRsPPALSE0,0.9936942510000923
qEGAx0gxer4,0.07639887843090712
en3jgnO6Pxs,0.9937399821852866
ZkbMZSs9SkM,0.34013786696364845
ns0EvV1hd_g,0.07339781692157649
Qpy_z8mnBBE,0.5951901295699824
ajoJp0eo6Kk,0.12060186413277729
KGTL8rFxk_c,0.019891512252018646
cdhpPQr5xnU,0.9653312116909035
AaApDRI2C1o,0.992807456874471
8ILx05DE7XE,0.07640990527968194
4UAq0hu3CA8,0.010865539675348224
Fn94fVXSch0,0.0763988279575803
aHQ42pgXh6E,0.9994185620097834
STrTdm1cUCE,0.589909730875954
UEfewQ0-YCM,0.06233953190074938
fCOGueSYxME,0.08736320800481148
_OOCcxvETVg,0.9989260920198125
c8iyYjvNgmo,0.020739510199275724
GXAnvxEGiTA,0.18035405368558802
UZdqjHxo9o0,0.9926070718877386
zIyB8-aKSfI,0.12549279764542703
byb8WjknZxw,0.8708065343894973
J9ZQcJJBmj4,0.07009675829010631
QxzevgLLaMI,0.06233946962962265
X0LJpGBl0tE,0.9871442405641344
AyTKILuAzDc,0.9972102020927233
1QqZNlkUkN4,0.9968268826986586
3gVPJ9R6tA8,0.08100104707307852
Aa0FU2EIMZ4,0.9977890860597473
LuRuBVqk61A,0.8987639123930646
1uyZNb7V7Bs,0.17140491254869925
Iatpqn_pV1k,0.4905816387014065
KenV2bIQf1o,0.0325957237186834
HEYApdJDltQ,0.1227138957219045
HV8TdUaplzI,0.07723460469409563
A0OoUDy1et4,0.9993529449004848
bgYoWcUZmDM,0.07639905205707002
OkA989YdFIg,0.012587909195901387
RJ44KbKJek0,0.9912013386724018
iDQOcUIz5PQ,0.816913828812365
qxgJKGq6uwA,0.08281807315573245
wc-L04HbsvM,0.3336972735495224
Df9PxGUwi9Q,0.07639882791845873
zFROQ9U4kuE,0.07640253314613603
ryLauoALvuM,0.9209093876437573
V0JWJOp2u2Q,0.008966356871786698
IMMwnXIhEIc,0.012390531037501576
P7BUo5gWeDE,0.9330434866080232
hSBFPqu6kpQ,0.14406224543243387
WTRH2JIPnd0,0.9981425187347537
NlcoTbqLOaw,0.19026630101679246
zFx-7l_jUPs,0.07009664560349649
B_VbEZndKwA,0.6098985921967781
A89nsi8jvx0,0.49633247125908475
qKJNKr7rXWk,0.010778956698297294
0DPHC547TJ8,0.008162560446307735
_D4kTqhXfew,0.01274363851775118
Y0-F3Q-39Sg,0.9498317243909075
QM-II8gdFCc,0.07640693974011338
zI5SOz-vTZ8,0.07729464789983555
pNOBs3c8Cz0,0.9321282773871642
El3h3rjQdWM,0.9974767656022268
W4zX2_hpNOU,0.07639889119934073
_4doKDSYLvs,0.941342218956802
zv1ySnEmWwY,0.008182094999293473
MVDR9JeJA6o,0.9973009425952044
CwZbOyP1ep0,0.07639891717318596
XQXjJ353Yho,0.6931352611171013
XNUFx1nSs3k,0.24293325662742968
B8X__kC0pjI,0.9876192571544612
CV7DLq1wN0A,0.0474388518957945
aADZSIo4BuA,0.013043686886788638
BzqwqyvW_wM,0.9620254596327651
Mf5ytSQBg1A,0.9826192899741981
Tqd7YTwQAWs,0.01664035606721401
qIIUZUHMpao,0.010006047943953973
rKW8_GrRAzQ,0.07646174228401012
13AMLEH6qXU,0.07639886765967722
G_QyUROU9cE,0.07672396893276615
FRLV9WnpnuQ,0.0767292837502018
BCe-NWZEOVM,0.5741824635523105
Ih7sLCzExYU,0.9934379859372939
SL30gbU5F3I,0.18997737260807332
35TJzkXuJ1w,0.07639883906583919
EKMXyhAK_VI,0.26526525765231934
VWRn3YRHGAM,0.07641937284273886
Do47Ww6pxvY,0.4963954042272244
XwhhEtyGMzM,0.07640153040731677
nVlmth89WQA,0.08050170291229822
AocPl31STvQ,0.01618213923067461
I04PFDkq0Cw,0.9944410150879005
GMf18ghyXMY,0.013887003188400443
AGsqLzdDniw,0.03977080184705095
mrLnNUCJ34A,0.01663147136619674
KQ5BON0vnIU,0.4963960527257596
gARmdkNnzGE,0.06579404509589311
a_8hdvvXGN8,0.11098568008681217
WdGkP2ID5S4,0.9865034737110072
lpwGlmTnPTs,0.06914548281155221
DxmbqryhlGU,0.012496701485906944
AKZrCAcK1EQ,0.5304846105439407
uA8Q7O20utA,0.4962860606984768
XFMoSsad3YI,0.07639882806332501
tqWABeEX7Bg,0.014925033392829398
E_k_YuELbYw,0.06556967691347025
EMw8pNpJLlA,0.008513032775481216
pbVghRdZCxY,0.01392920846500327
Q4bL65-Ef2g,0.9951519851027693
LaVpG4TENr4,0.9995809952853131
86PXZd6Qt9I,0.07656675710009454
B9skA5Rp2Sc,0.07639886469199067
hMrESrAMqk0,0.152865522501884
N_Hd5Ld_4Ms,0.07639899802513306
QaNfXjnGcG8,0.07639884807243624
Wtcq4hUciM0,0.08199951140224672
frNeSUlR8ZI,0.9930781738924972
TJrJev6Ec2o,0.07370760994208078
Wxa36SSZx8o,0.0739047865469052
NzfJh_JrKHI,0.07640564172914079
Wq04Kly8t-w,0.0736220584968082
dwemIEZ1VP4,0.9130823596430295
YWpQDMEu2qc,0.9932641093822046
Jq4Pt1d1ZFo,0.01850887380620693
Lphn5qUNRoA,0.9763830077004648
-tv06vl4t5A,0.7688462403360582
luUp1v1wJoI,0.07639905080448071
YJL4vEW0s0I,0.009573459987963676
3fDjNipMPEQ,0.062339462990082105
Fu0NCH62iVI,0.9595289357942118
JRaTGGl71U8,0.9973221063702052
Ujy8TOYFqb4,0.09570219604252259
Mag1V-yRrF0,0.9875403411340425
uu50XVcVmdc,0.04552411667184997
P1-oIS_YByw,0.07157835517075657
GD8ojWJjv-A,0.9838367397655599
vFlJzIeTPrs,0.07639883871986008
E8LTVpTVHIU,0.9876903844980676
AiF3tOMHqUc,0.06914550145089007
1L7xiSWQU4w,0.5754756432965573
eQiossnV_E4,0.04558731427308839
_bjCXk9GP1Y,0.07362205869485675
x-09y2AK5hA,0.999518625712587
jzSfx_iO63Y,0.0738801251786774
TQMQvgurnRw,0.011738672136009501
B9doP1IgE54,0.0763988287178963
bPatTVFJyU8,0.6919808117591203
fQGQN4uZs5E,0.1752190224758718
mSTHICFPkv8,0.05592150468581347
Dvap8uNqh2g,0.8864644951057583
Lb30PEc6a70,0.07644599901911585
9jkiIoHQ-Og,0.9988183212202758
cY6KAjqmoaY,0.5955116365797068
oOeikG4XSsE,0.07639882791802041
rmOLDsHfnvw,0.016428205875881376
vzJOMUqQMPo,0.0763988620413237
tthkQZPufLk,0.21534420479103664
MMry-wMfBkc,0.07362242436001536
6xlV_D4yJDc,0.06915450587497057
3B0WbwAkByI,0.012329430385653341
P--7sSuEa5k,0.9676115800383531
DiV7Z_THBpc,0.06914547982505517
JBsin8hJecY,0.009500230281608962
OsvvjkfATWM,0.9994751042106046
_NDbOte9tZY,0.07639885875822394
4pUiO6uQU40,0.05737008632754794
ZXyJOxosVRo,0.9654205319546374
dWnTyIPNI-A,0.43251459835704387
N0Xy2WLz_9I,0.07928537898711599
GvhlKpLarQQ,0.07817819626006146
7FHHtRuAz0s,0.10443981569016234
AkjSEMJ28hE,0.02316842408804575
yBVehT0fx1U,0.03315337936643617
QYcO_NK8gPs,0.0764009980732919
QMCypkZl2po,0.07639933085433687
F-VDKvUhuLE,0.4963711618261013
IqAuy_6ja28,0.9995245951284529
KvCk1wsB9IA,0.07639893868480281
NZMncbs1FuM,0.9989799396509345
_IjVZ50LcxE,0.06486044047545217
80itAq6TeMM,0.8244654625910902
0vw9f02o1UU,0.07009669563950642
sNY_6diMbXs,0.06778071366908461
vOW14j6EH70,0.7646400088613802
t4-jusa4zPg,0.9500157922479181
MHYfT3OaznM,0.07362266050254532
mn3JTlQG3Ic,0.07654543279489348
uOu5aalETFo,0.07364124318103842
qjD9cE9hE5Y,0.008231881875148558
6o_34a_o_1s,0.9335007581699246
XVx-ocj-wJU,0.07641155348230635
5k6EjPymsRc,0.9861814133764689
Nvw17Sd1lLM,0.9973183389048129
BgKa3BtRf9s,0.9962522148668093
Z2ktexkRb4w,0.9949351223511316
_4HKv8Mhqyw,0.07646835542081679
5-2SGJBJptg,0.3199918148942076
jwTDBf7WFDA,0.0763992400916749
I4asti_Iils,0.976728195748452
kInl1lquBpA,0.15293623087241123
DjKIMh7V1Qg,0.8488365121699608
41kvpjQn3fU,0.07362205846577069
Zl40BEeqlk8,0.07639928478337202
CHidPgKcFfY,0.07639882979645132
p0jO4Dqcl54,0.9917290131327787
VCp0lCRH7Ok,0.7608993954250662
M6EbDwxBn_U,0.09553603576536143
Lp6-CQJc6GU,0.07639920040812358
tngZDnTdpZ0,0.014094781326189677
RJ_sTc5HSUg,0.8492200870897504
ZomI3Zh6oOQ,0.7860824555700593
k3j5DnOikVA,0.9955989442446954
KZ0LNN7p0qw,0.9990069711651062
SYW7v21e5Lk,0.07641176575225589
cuzhajQfvrw,0.01739881546835417
WWbOVIhEgUM,0.019614260500783274
E1mDqBvQPJQ,0.9618500565717495
1n_PXw2Q51U,0.05821343750166208
7QGlX9E-8k8,0.07639882844255218
0IP8Gg6l5oU,0.9959647903454879
VCPACYIYqbI,0.19892435975014316
gHVLCrARoxk,0.49619890440270054
7M698v3jXC0,0.1523172287439783
Pk7kwh8X45c,0.1752176252296967
I7vb32VzyYU,0.9884738026132981
m85-T4oTeMY,0.0736220726846513
95MSkigqNQE,0.07639882816797706
W77s6g96F5g,0.9939568713915058
f6eR6eLvaIg,0.7065822381236423
JBT_qsKqTJM,0.04746549979119372
6lkDEwWnwkI,0.26662837804781125
6Pwu0YH6UhA,0.06914557961069065
Lw0fjxEQMnU,0.47312492489867086
nvBGbgar9lY,0.06914547787996178
IR5_Cpi79-g,0.9596496359842204
oKuNRxVKhtE,0.6081680636760313
UvqewMAOuTo,0.07640036495770969
H9nKSRtcxiY,0.9993548902683885
PFIhrEx0IX8,0.999876170175537
0XNTAx0B8G0,0.8960038457281044
9klYVZBdgWk,0.9759892267207796
912jzpxfVAA,0.07639882793035639
TkszD5aatCA,0.7670073702964182
Jiv5wECdVi4,0.9976287710806477
3uGtVmyc7BQ,0.9981082779334833
AQeTPIThMhs,0.07642645894879578
9gzIxXMkRuM,0.9767218204356469
i_OQTHZmkRE,0.1744721885585976
variDaE3fys,0.04282636706716399
Kw5Lg825pM4,0.9958387842684902
iK9t1zYxPqk,0.22304039109512902
Lu9fYcc6O14,0.008161539618504299
_15dlj2QVmI,0.07362207790681745
pLObOvNq6pg,0.8712551466170636
QQzwyoU2EhM,0.07639888194941206
Y6-EXl7Njzg,0.06248463614434371
Aa2MuuhTthg,0.07639882794252904
_uwH519BK68,0.9889934817115611
Q2bJV9GtLo0,0.07362205846411427
b1uHxEAPP88,0.9978998789140465
Mgxs9mF_m3s,0.9694647325091811
XgSC_WM0bTU,0.9995753935826517
NeP2FJ2Hxg4,0.07702156776630378
TNc8ilUZlDQ,0.07639885186260496
ggOXK8CcEys,0.013963538647199522
MqvjPZwcFao,0.00925518438135989
nMNUV_8sY4c,0.9954259817476835
KUpuig7bLwk,0.06914554044631689
NOO6gCjFV-E,0.06823691394302957
SusfA7SpV-A,0.010988179791919916
OS8kRX5WnSI,0.06655871992036369
JjMiy3Z1Yko,0.007827875658122667
gLzQdo7-P2k,0.057355853162911904
QDqBJwoQcNY,0.6308817846429264
CA4RVYgk74o,0.10020143343568626
cBvGZZtTrdQ,0.5616121760722909
E18MLcHBKkg,0.07339780392923093
RS8r6AkEZhw,0.9890008451408207
4rAITKvoRKw,0.9967421822800869
5bcG8Oif0JI,0.07364079551551098
j5Hv6xZP9lY,0.028823426889352948
AEw2McqLRQY,0.06929917789443726
4urmRGK5CB4,0.04552565169398827
V43D8xN6dTc,0.7008986711271115
2sh0D-0RmWM,0.057360984740804734
Br2-nDM5zvY,0.07009659409585955
eNmNBEufhqY,0.3660887546969054
tp9Ra5CTifw,0.3117010081761194
y-buftBOpUk,0.014508470456794311
-5MpAJy294E,0.9332295847930924
P-r-Dzsgg10,0.07641423552704597
LostCc3fwn4,0.22280118633076285
fK4QBQZ6i7w,0.0455123352897059
6vNi1wbY_Z8,0.07639890459786178
0I9RAH6HVP0,0.07639894841201889
NmdQ-AgFMQk,0.6777200058898384
AfZntftd_1o,0.9142060989888845
3C2Eep8qnwQ,0.9938979409140618
3jpO9879Epo,0.07639885536758716
sK4PNV9RcR8,0.9969535419439068
GR9DKMuctTE,0.4961947606877956
SFMXcbyHbF0,0.6371929059972409
dV1mCaptukw,0.7515321144242737
bTvnntIgrVQ,0.010076746912434128
_tP-V8l2fmA,0.9507930148133774
u7x_dbTr5xQ,0.9371469641723648
dK1GZ9Nd8g0,0.07726448959874321
lryWG0dCA_4,0.9772071230234071
PB_w_dU9J30,0.9967111319536441
dLGETnvrxHY,0.12005010965203493
qKo4CgvYhv0,0.9996811913590046
o-8keSiTc88,0.4963867925481472
1OU2gF8rWxM,0.9805618008863627
hUyeJCYfh80,0.9679943940795944
xThlCygD5Kk,0.07639886201056433
X43z-6hYpf0,0.11017936092816032
ayIB3YflJEo,0.0764001439051101
whLPvsKEecI,0.9911753240285378
jo0IIkmCdhw,0.039104595688340474
vzIUvQLMRJU,0.07659145643572944
NFoKGtEhFjU,0.7400059135772027
1vglQi0k3C8,0.7894401139754337
HunNHkOaWu0,0.9915813603687251
eexRPQwz2GM,0.07639883874890938
NtrbZ19g8HE,0.8708962626136818
deblSm0P08g,0.26957172987144296
hlRa4F9ITjc,0.9955764644237085
aLrGE1PXwvE,0.10206888530596567
DHD6P93Mm4o,0.01940976110716313
wTAis2AJp9U,0.571410285896556
fuIWdVOdOsk,0.06777904427422704
EVWmue2oLm0,0.07639883555786053
_26yykM2lWo,0.761184391457781
QicVDfVRaUU,0.01843595923042215
WVGPZHnwStQ,0.9976325895258888
dgss8fMc3tw,0.07642487477598238
4rJ_JaeuhIU,0.9914387610999688
blSUaafmRW8,0.009149234260535365
DPWWS1X2yzg,0.0764016665226877
gf6H7bpADJk,0.9984065754983658
cgaIBbeRLjY,0.15155870689440457
I27qtgBuXQQ,0.9732084846371329
IsP7RfoZUEg,0.9367662504545488
3xYjGPW769k,0.009384892868808692
Zo7ovV2mvCs,0.9523827816685323
3HnTK0BHIyM,0.9542252863938036
BGEyte9ik2I,0.36338034105515893
dlgnVkYl9mI,0.07639884437641763
eGZ7-RiAY10,0.6097042138483342
sZUpUoVnzWg,0.4963985894994412
Iy7O56IBM3Y,0.07639882803790368
Gzl3gFoe1MM,0.7768760490356089
PT6hEESB-DQ,0.49639808405205355
XJQ03t-7kik,0.07663825483015332
_OOmbWAtLdM,0.9876084186306195
uU8eNnrFOk0,0.07639887627191874
IpFYguz7cVc,0.41828784463320395
Gl3f5RMExz4,0.07639882807058501
5oHOUKi5AYM,0.5993911919869438
a0UzyNFnU1w,0.00938344007719195
lnCJxuyLyE8,0.9804364457472172
84ybXpiEzdA,0.013886737245628037
jkIrmOYjsNM,0.9644561071918891
G-a28TgqUfw,0.9706492441017751
EqCas2nGFKg,0.07640271709985516
IzoPJx1_3sU,0.07640994995725693
oDlUsTIC0So,0.04405218980815373
nzEo59X-j10,0.06411001842089067
fs5tsjrXKuY,0.24127662020512003
KvHY_StVb1g,0.012185025555921512
kXtJ8_dpJHE,0.9890250684741668
ttcQAwSF3_I,0.07640080919145953
HeLV1buhzpI,0.06777906968469723
mTdYythI2c0,0.09124284223580705
QKvUyOGEx4c,0.9862968033634216
4ToZJeTagB4,0.01016608623569378
2yejn0jckuo,0.9963261426734868
GO98TbfgNPI,0.0733984687595369
XJDq-e8g0W4,0.3813705270052566
LuIUD6uW0x8,0.9243211440054091
V83v6bIDwHM,0.9994387010293895
ztdlQF4TVpg,0.512212765849562
I5c3MhyhT6A,0.9970582261013853
DompeRBhqOQ,0.49639159906670194
2_LU2u8b_dQ,0.9905618587641708
J49epYLf4ns,0.0763988424965917
Pv1IX-DbFD8,0.010626720479869697
7t6E3-ogPcU,0.9750615106841174
a72xyXbA6YI,0.0763988320849017
4SHO4eewUAo,0.9592928104309408
v81LfsxVfbg,0.15141240358456565
yMHi4WxNK7g,0.010772533798716342
Yg8yr8pGwlE,0.07362205848171945
uroP7bsdQv8,0.79198288150964
Km7WSrfFnf0,0.998656367756035
1EewlcyiBC8,0.06950625492082169
eYzpeHI00TU,0.9674033753515665
okMXV9aflHc,0.993762383170093
G0lyuHArHhc,0.9381161932563128
GKKPMkLc5q4,0.981222069962436
Cj0WMRrrvYk,0.1899077058084322
RmOTqFKcHz0,0.994309617810672
ZV3eYs9K72Y,0.17355234671398737
Qwlvt9PS5vg,0.9919166420410951
UTI_ivUz6C4,0.9816233234196021
TxDIxdDSnWw,0.6948258200242483
i5Z22Qw5_vc,0.07639882792976001
heCCwpa4wTI,0.07640009626348164
EpEeSf0TKC8,0.07009660597003857
ocMUVCdMKHY,0.015024665707180338
_Gc3dkdnbM4,0.881392683429733
IaRMcAphWYM,0.06486165650697061
RmoVe1-FKOk,0.09450166300012003
4td8p5X2x3g,0.07639886824273745
_JHC16bbkKg,0.9966082932241029
Qjo8CLX6bjc,0.17521904439043529
ZvarEh5EU-k,0.8154657808131962
iR-QM7RA-4c,0.010068708204839977
QvSoTeKT-jI,0.07009669734540017
guvnNwCkhcs,0.011748002205660524
QSSc_owx5tQ,0.009431205520901164
Qd3XSEMzIpE,0.01905757445383879
LIluVun_dJk,0.83800433585091
LjGokr5j9rY,0.5630758251886581
-2S0mx876C8,0.9695609017762076
3lbiGhKoDb8,0.04358323489558031
ee-HDPGJDR0,0.05592098698475536
GEQe3d9ybrY,0.07340364241721307
HVF8a59C8w0,0.010166082127743531
hwhOPfmN-R4,0.9461932750028199
chZLeOb9DUI,0.07362238561299711
cGIKpg3d25U,0.042748755340633306
XEuuMQQTms0,0.07639887946910875
T1AzDcJqEx0,0.06129495222061948
9Qdp4GZbyTU,0.07642490458741799
SEgZ753W2yA,0.07573499294763855
xKOxKq7XFe8,0.4963516591863309
f_PpcxH8CvQ,0.997319254883999
Kc79x7oWP8s,0.9211807925105424
53f24_5o084,0.9968117123550003
Ukkdum_jpdg,0.015040391236144247
VcBK4S6vE4Y,0.3859014016365434
uEVwdp3U-FQ,0.07639915332084564
YWG4IwPnH1g,0.9968927697201433
JaeStFbgX8s,0.9973067418089234
_QrBieJ_wuc,0.9310831299861393
eFrSaQbbRFU,0.06550891791508363
bG1M2tqygjU,0.07339780390022071
iRDym_9m2f0,0.06372440689829822
xNCPE_6R4DI,0.07645770488878131
P2nxwHshab8,0.058094278932660295
hlgmDZhv1o8,0.992886156831829
Sp_p6sxQffE,0.5633236703367422
5vpXiK2P_44,0.1892679747698332
kLdAj93fuCg,0.0677815696593709
cpMoLNKOL-k,0.6696337654699246
BuSlgLoQszk,0.0764013478035267
LclaxuISozc,0.9838647473998098
l_DS-zKKP4o,0.07362713820656377
C9fzPX2IZkg,0.07829641428701202
pW9JI4yi16k,0.07642109991051302
olkiw43JFOw,0.07656411076452148
gbPlGnBmAxo,0.07009679609887921
UOQDOj-aniU,0.9804647138207487
fV2oowttz7M,0.9986916991575722
cH4b0yM_0pU,0.9745892846857013
m3ea7VjRNR4,0.07926257189718476
8vqOUie1qIQ,0.6929863049476663
ci4EVMQaRg8,0.9973892626256544
JrToKBsEB4c,0.13727347063608547
FR7FDxAydrI,0.019535205720186587
eY4HRGVRHmg,0.9929616525932585
Go8Ba-BDRvE,0.9704421269457024
sWGAYdGMErM,0.010378042102417362
nnC-y6sgcs4,0.0776436520226716
rzrJ9wPcGDI,0.07362215645719473
qTu6bhYUe5E,0.01230451674882382
xVEBVlPx7jo,0.018680360176807093
0-nJxMuqw3Q,0.07639886904968733
0n277mRByWo,0.07009659501567514
ReRA0Hn3gi4,0.49639879930779085
7DG4M4ow-bY,0.9929339046941644
VEeKiL7VkIY,0.9983744663191823
LtJn7wqTlHQ,0.07639886415263013
VxYQ_7maGQg,0.6673874804400814
fTSYBUbQXzo,0.06150109867927167
DX6qiEryKZw,0.7860879773443514
lLaBlDbjcnU,0.11327046178166947
22n29bkaYqM,0.07640924510702095
1KbnIhcNDew,0.015024677405496933
nSKk79H0-Lw,0.9577188641246005
AoWR0mPw6Ek,0.07639894972101058
fNWRvRqZGNc,0.07652213813753991
JwJbjka8rSw,0.9087592672288706
ckFSnFgSJ-A,0.07354162175057102
PRZMVrt9jVA,0.07639882923917286
xwQE_69dbgQ,0.07362796678288314
eLZdpx0NFO8,0.9953053798504097
O4nJYLDZb_I,0.48679094178642
3C1IpjsyHEA,0.07639883076682785
Q6ayym4NCIw,0.11194163402149657
loN1f9wHBQA,0.6895680250116413
_guQOHmb0MI,0.9642762550963022
3ED1Q9v2w_I,0.3413348572330151
D19eQph1FDw,0.5536701879105022
MMUQckEa_ME,0.866256102672464
80p2p3TAzHs,0.9901071012899887
Wpmy1XWWt_w,0.011645503623111576
68qaX3ZoZek,0.5999130176811687
avDceNc9Sy0,0.9927737595731067
pgxL0VwV3fE,0.9890151670866052
RAiaRWxvaUg,0.07639956532866934
8W403dpynOg,0.9960655637779089
GQdlQNgGSsg,0.9970414250733353
o5LsmKXZTCQ,0.07340928332283259
ciF042MLvz0,0.06737360826470036
VammZV6t5H4,0.07665950048154715
HSzKX0GZmpA,0.9887340955563483
wqRBKbE2YgI,0.07639882911022869
M_qPoaHoGC0,0.49826108213202247
iLIR8xbxu64,0.01753623466211198
__0sM4LUoHs,0.07645981956221246
tHOTT_wDifg,0.07639883712459408
ER49MNmOo28,0.9998184853669743
-FrxFBIUmos,0.044602663798021594
LsBCiA7jkHI,0.07746418493280745
StYsz-V6Ve0,0.110063306922402
QZMT7FJZtRc,0.07639882906435268
0aLOzAz6gkg,0.9984209919478945
bjH-ahdq8M8,0.06039009240632961
zZGZwDOL-eY,0.03995569288055316
LpYVJLhASis,0.07639889125503199
0cTELQdajNY,0.49639665354057894
MTDWCLDMOV8,0.06777973096199412
gT5iFIS7beo,0.07640182926270137
6GJ1UKLZD4Y,0.07639883016687249
UBw5ujeODmE,0.996901985074228
U3WBtmtjosk,0.9992048874765732
aR6X4ROamM4,0.8526062539102222
azBQiZ6wCWM,0.0764427854407173
c23CwGp8Swg,0.04497004663257002
SU96mW7pLls,0.0764051202534394
SyZJuAtKOQI,0.008161628010519839
fDa3PMveVOE,0.07339780392293258
sUa_1kq01pc,0.07639987988402566
c9UmVKjxnqQ,0.8927702564430385
b4yvKU7keG8,0.7943411774804242
dA5YTkMKI9U,0.9257434617515987
91-glMAJT-k,0.9985829744763179
jyAVwXhbR5g,0.009387505541363944
U2tiScLKvcU,0.0764266727046349
bMoqukws9mY,0.9915659695861703
ipKCHDizaQI,0.07645883489336827
yPXSm_gKZQU,0.017536606153288673
K3joq4z3Vv8,0.887566740879714
YIUa60aLoos,0.008161536541425997
xl6oKiMPMwY,0.07639892963093561
jlFiPfTHm4k,0.9991752873357183
KHVZFbmt8xk,0.06489850157083465
LiUn28-JdBQ,0.9998808585123669
Fkn-poTw_gA,0.055142314860525746
55JE3RkS84U,0.2999618008301439
ifTk_guz7no,0.09815278727575874
knYJFn4hPeU,0.023599595729637456
DqBKJGcmr_A,0.07647377456694926
IcGBLr99nYY,0.07639888856040668
JmOLyt5CEYQ,0.7725847354494639
IZm6eBHBMKA,0.3631445774245111
tT-GpykWt88,0.2102626327308979
UJM-Sxi5RT4,0.8670271270171824
YsGwNffAE_8,0.9995761057907332
J-xh_0p3m0s,0.9848734103334866
e12HZJL_Om4,0.9974462570795273
EdBBu8EFAg0,0.013886763719937337
QDaRAVObSGM,0.9984299150036247
unGQllAQD44,0.019909581412505893
UxHEyYQAz8o,0.4961665605382596
WOnLnbOPJK8,0.013936013119504176
THw2rWyca5g,0.9960824470372707
G1W-rg8B0MA,0.06914550013996913
lKzu-WDSz3s,0.06914805087186372
xCdxUzq3rPU,0.015031683995769271
f0QgJBvfEpc,0.095972603858019
WA74G58qF04,0.31039100019215027
Uj9VLoPgAJw,0.06944614123755455
fAqf-uCyT2c,0.014695060771349033
mFxbRpO26yc,0.008163544806204515
aZdgtXnRWlw,0.9981263746571993
zGsY2GGVSao,0.07639939225798409
LUZQSOqla6I,0.057355811355416106
tTOWS_URkOc,0.07362758923353732
BX4YHnkNwxA,0.8044549077062255
C3IPZXvIL68,0.014818619906120045
jrDC1D1DarQ,0.49073951303714763
DLMkk4tFI_w,0.9978184924011779
B-s47tq8MH0,0.041823365612907504
eSXLCDwHB4Y,0.9842376180039194
40WEUGbeZsU,0.9812651235894503
lnpMxDc_hSc,0.8932994843753705
k35PRqFxrqo,0.9996373658698398
cLFSpQXS9Mw,0.07339781683024418
AdgsSUxv3YQ,0.06914699363535509
pblI33b8l8o,0.05653925580644209
Z1epa15Pzno,0.008761527065299169
T0o_XvH-JJs,0.07639882913105542
_hqMVjMmI3c,0.07824245366515328
khWH1gdw1iM,0.018614928800908086
hf9pKuTuPcA,0.496371199973074
FEiIzf5hb2o,0.07339780418031012
hVOEesEabN8,0.011403989990732841
2BTJ7AyXQBs,0.9998616646911316
0loTD5XebiQ,0.07362208828025761
I32vWaVaSTk,0.9722933410793203
YBM4aFP11fQ,0.08111548721875896
k1KzGLorCFs,0.07341052825059326
YM_KYGx9sxA,0.9974007481653396
vMUneNUMi2o,0.9080021068582804
-AYwFAcUzSo,0.07362207624973083
kTgap5MSkaw,0.0393360577484604
x2nbTtb8VNA,0.016265497581744507
g7o6edjOe_s,0.07362205903994593
mHxGqJ4A_XA,0.9989283175399304
XS2wQ4yUSgQ,0.05592098694547274
Yvpz4sG6nOU,0.01502470612515438
SMRIfGZ6OCA,0.8778945280878062
-3Zm_4F5Og8,0.9984210396316101
Wx3VU6MhsGg,0.017478337116465677
AxbidyMn0gQ,0.07639924858729319
GbdZ3uD4zeU,0.9994920898855655
FpO85aT3Ry8,0.9459013537789966
FUrdx1km6Lw,0.007499454178746546
xGI-5cJK_Ls,0.09230914926593439
H3z80CBJYRU,0.07639884563319711
T4E4YNx8Ekg,0.8754303644375396
AVO7Xr2Dods,0.17521737547456384
7WvGef41TJA,0.07639882792112403
NxP9CfxfJxg,0.9888380460568366
QgtMM7Evhgc,0.9941019731161107
mo2qyrKFTEU,0.07643191159488491
L5w_KnCFULA,0.6220092767761289
7xWaOuBnUE4,0.07639882796739991
3tlSjRtu0ZI,0.046538113648420004
2cDxkcrJeSY,0.998668492349481
eoNj4u9HpcM,0.08076170577074979
imMV35JSALg,0.01879938640848542
j37CuNVfNXU,0.07922969171460412
reeJzVhM4Nc,0.494037272818533
KeprFzFcbYU,0.06549066682901991
AzRqzYeJD-M,0.07648080850665426
yA9iR8xtdJA,0.07371498289728488
VV_FA010eOI,0.9961914641571512
P2frakRI4Pk,0.9937558894728843
AAV4_7YNYec,0.9980153111641684
wzzXrjUqyrc,0.07640658560487704
dHwXCP-W_Go,0.008161535926553746
7ffo4AUEE6s,0.9861832921148723
92CYiK30g7I,0.8780505347113108
NiACTzuD2T8,0.9973369754414649
uqxytXasHTg,0.9952397085912296
Hjc8OYRLYx0,0.032945621774109514
klsCc9vGvqs,0.0763988303656257
FEaupvKZ790,0.9800705550035843
8MmTZYyl8gc,0.0782825012603309
JKXSoVy3ZvA,0.4705140550079111
LTWkOJrKUbM,0.9886293310971613
v0ru8uDM3Cg,0.06233946270921862
GZg01_8SYvQ,0.9987267643209631
9DNhMZBssg4,0.998059659457993
BAEG3OtEf3s,0.08101520451512699
sw1_PQt-3fE,0.07639927592397813
PRDrFfv0eQ8,0.9925413722405226
md7xTbR_qdY,0.07639882797760136
llsW_m5TnvQ,0.07339793992510164
d1-AvA6W0G8,0.9522309095428948
NkZIUOdgYh4,0.764949452335196
arLmZ7ZLZ0Q,0.9502716042815967
K9dwZkoGOpg,0.007375200828470631
9kBvHiHHtoM,0.05910971823057363
V1F-0D3G0wc,0.9997886813219246
wiKQzgFGvIw,0.9944863865180684
Yu87_wL5PrI,0.9960482762655708
C1cQ9r6ioY0,0.9989627372774355
ckeykuC62Oc,0.5946563914336908
Ri0TmUVyCLE,0.07640272024902282
QdMnDfOVJks,0.9940331439114388
M1bmYMDKlrI,0.07362206437177596
UbI1zPxYmxk,0.17521734361073982
m66t_j137lw,0.9859331357038308
Cvwyf4tOrqc,0.08099894175462277
Zw15c9YjZ-g,0.07362206398115563
JZ-Wbx5otbs,0.07639883204693651
8jLvFPn5iwE,0.9974077142338842
WxG0EDS9gGA,0.018612186271985354
TBZUDlM8flY,0.05903955043321256
JwL6rUzoe6Q,0.008512752313717016
GGa_vj__TsA,0.9893926251316743
VI57Gxq5iBk,0.7524068411914514
lQOQR6HCGyE,0.9382444907136807
CqhPMjumTOA,0.20838958473894986
Ccn2LQJc2MI,0.8928487247657925
f6OhmrIdB-g,0.011651149275447773
vCxGJelmAeg,0.07640026084514076
